"ProcessId","ParentProcessId","Name","CommandLine"
"0","0","System Idle Process",
"4","0","System",
"272","4","Registry",
"812","4","smss.exe",
"1052","1044","csrss.exe",
"1160","1044","wininit.exe",
"1168","1152","csrss.exe",
"1248","1160","services.exe",
"1276","1152","winlogon.exe",
"1300","1160","lsass.exe",
"1476","1248","svchost.exe",
"1496","1248","WUDFHost.exe",
"1528","1276","fontdrvhost.exe",
"1536","1160","fontdrvhost.exe",
"1636","1248","svchost.exe",
"1684","1248","svchost.exe",
"1780","1276","dwm.exe",
"1864","1248","svchost.exe",
"1972","1248","svchost.exe",
"2008","1248","svchost.exe",
"2016","1248","svchost.exe",
"2024","1248","svchost.exe",
"780","1248","svchost.exe",
"1036","1248","svchost.exe",
"2076","1248","svchost.exe",
"2088","1248","svchost.exe",
"2108","1248","svchost.exe",
"2256","1248","svchost.exe",
"2440","1248","NVDisplay.Container.exe",
"2476","1248","svchost.exe",
"2548","1248","svchost.exe",
"2596","1248","svchost.exe",
"2672","2476","dasHost.exe",
"2688","1248","svchost.exe",
"2696","1248","svchost.exe",
"2704","1248","svchost.exe",
"2900","4","Memory Compression",
"2964","1248","svchost.exe",
"3016","1248","svchost.exe",
"3024","1248","svchost.exe",
"2272","1248","svchost.exe",
"3080","1248","svchost.exe",
"3136","1248","svchost.exe",
"3188","1248","svchost.exe",
"3192","1248","svchost.exe",
"3296","1248","svchost.exe",
"3372","1248","svchost.exe",
"3412","1248","svchost.exe",
"3568","1248","spoolsv.exe",
"3588","1248","svchost.exe",
"3604","1248","svchost.exe",
"3636","1248","svchost.exe",
"3808","1248","svchost.exe",
"3888","3080","audiodg.exe",
"3924","1248","svchost.exe",
"3944","1248","svchost.exe",
"4020","1248","svchost.exe",
"4264","1248","svchost.exe",
"4276","1248","Dynu.Service.exe",
"4296","1248","ElgatoLLMService.exe",
"4304","1248","svchost.exe",
"4312","1248","armsvc.exe",
"4340","1248","LightKeeperService.exe",
"4352","1248","GameInputRedistService.exe",
"4368","1248","svchost.exe",
"4376","1248","MSI_Case_Service.exe",
"4400","1248","logi_lamparray_service.exe",
"4412","1248","MpDefenderCoreService.exe",
"4428","1248","lghub_updater.exe",
"4444","1248","Mystic_Light_Service.exe",
"4456","1248","VoiceControl_Service.exe",
"4476","1248","WsNativePushService.exe",
"4484","1248","MSI_Central_Service.exe",
"4500","1248","MSI_Companion_Service.exe",
"4516","1248","nvcontainer.exe",
"4656","1248","svchost.exe",
"4672","1248","MsMpEng.exe",
"4736","1248","svchost.exe",
"4856","1248","svchost.exe",
"5248","2440","NVDisplay.Container.exe",
"5544","1248","svchost.exe",
"5772","1476","WmiPrvSE.exe",
"6344","1248","svchost.exe",
"7104","1476","WmiPrvSE.exe",
"3708","1248","svchost.exe",
"7660","4352","GameInputRedistService.exe","""C:\Program Files\Microsoft GameInput\x64\GameInputRedistService.exe"" /session=\\.\pipe\GameInputServiceSession-002facf70bbfd4f2-00000001"
"7836","1036","sihost.exe","sihost.exe"
"7880","1248","svchost.exe","C:\WINDOWS\system32\svchost.exe -k UnistackSvcGroup -s CDPUserSvc"
"7928","1248","svchost.exe","C:\WINDOWS\system32\svchost.exe -k LocalSystemNetworkRestricted -p -s webthreatdefusersvc"
"7996","1248","svchost.exe","C:\WINDOWS\system32\svchost.exe -k UnistackSvcGroup -s WpnUserService"
"8084","1972","LEDKeeper2.exe",
"3368","1248","svchost.exe",
"7356","1972","taskhostw.exe","taskhostw.exe {222A245B-E637-4AE9-A93F-A59CA119A75E}"
"2396","1248","svchost.exe",
"8296","1248","gamingservices.exe",
"8324","1248","svchost.exe",
"8364","1248","gamingservicesnet.exe",
"8964","1248","svchost.exe",
"9144","9084","explorer.exe","C:\WINDOWS\Explorer.EXE"
"9172","7836","ShellHost.exe","""C:\Windows\System32\ShellHost.exe"""
"4248","1248","svchost.exe",
"8928","7836","CrossDeviceResume.exe","""C:\WINDOWS\SystemApps\MicrosoftWindows.Client.CBS_cw5n1h2txyewy\CrossDeviceResume.exe"" /tileid MicrosoftWindows.Client.CBS_cw5n1h2txyewy!CrossDeviceResumeApp"
"7232","1248","svchost.exe",
"9464","1248","svchost.exe",
"9580","1248","svchost.exe","C:\WINDOWS\system32\svchost.exe -k ClipboardSvcGroup -p -s cbdhsvc"
"9780","1248","svchost.exe",
"9888","1248","svchost.exe",
"9928","1248","svchost.exe",
"10372","1476","SearchHost.exe","""C:\WINDOWS\SystemApps\MicrosoftWindows.Client.CBS_cw5n1h2txyewy\SearchHost.exe"" -ServerName:CortanaUI.AppXstmwaab17q5s3y22tp6apqz7a45vwv65.mca"
"10380","1476","StartMenuExperienceHost.exe","""C:\WINDOWS\SystemApps\Microsoft.Windows.StartMenuExperienceHost_cw5n1h2txyewy\StartMenuExperienceHost.exe"" -ServerName:FullTrustApp.AppXykjsye98af63ez2annt9djke8trg8stn.mca"
"10596","1476","WidgetBoard.exe","""C:\Program Files\WindowsApps\MicrosoftWindows.Client.WebExperience_526.1202.40.0_x64__cw5n1h2txyewy\WidgetBoard.exe"" -RegisterProcessAsComServer -ServerName:Microsoft.Windows.WidgetBoardServer"
"10768","1476","RuntimeBroker.exe","C:\Windows\System32\RuntimeBroker.exe -Embedding"
"10804","1248","svchost.exe","C:\WINDOWS\system32\svchost.exe -k UdkSvcGroup -s UdkUserSvc"
"10848","1248","svchost.exe",
"11216","1476","WidgetService.exe","""C:\Program Files\WindowsApps\Microsoft.WidgetsPlatformRuntime_1.6.14.0_x64__8wekyb3d8bbwe\WidgetService\WidgetService.exe"" -RegisterProcessAsComServer -Embedding"
"11284","1248","svchost.exe",
"11344","4484","MSI.CentralServer.exe",
"11416","1476","WmiPrvSE.exe",
"11456","4516","nvcontainer.exe",
"11572","11344","conhost.exe",
"11620","4516","nvcontainer.exe","""C:\Program Files\NVIDIA Corporation\NvContainer\nvcontainer.exe"" -f ""C:\ProgramData\NVIDIA Corporation\NVIDIA App\NvContainer\NvContainerUser%d.log"" -d ""C:\Program Files\NVIDIA Corporation\NvContainer\plugins\User"" -r -l 3 -p 30000   -c"
"12368","10372","msedgewebview2.exe","""C:\Program Files (x86)\Microsoft\EdgeWebView\Application\146.0.3856.84\msedgewebview2.exe"" --embedded-browser-webview=1 --webview-exe-name=SearchHost.exe --webview-exe-version=2126.2002.40.0 --user-data-dir=""C:\Users\jeane\AppData\Local\Packages\MicrosoftWindows.Client.CBS_cw5n1h2txyewy\LocalState\EBWebView"" --noerrdialogs --disable-features=msSmartScreenProtection --edge-webview-enable-mojo-ipcz --enable-features=msEdgeFluentOverlayScrollbar --user-agent=""Mozilla/5.0 (Windows NT 10.0; Win64; x64; Cortana 1.18.9.23723; 10.0.0.0.26200.8039) AppleWebKit/537.36 (KHTML, like Gecko) Chrome/70.0.3538.102 Safari/537.36 Edge/18.26200 IsWebView2/True (WebView2Version 146.0.3856.84)"" --lang=fr-FR --mojo-named-platform-channel-pipe=10372.3852.11104439206441286689 /pfhostedapp:08a162b231ed7d449b7f5d8346f0b75eb77416ed"
"12436","12368","msedgewebview2.exe","""C:\Program Files (x86)\Microsoft\EdgeWebView\Application\146.0.3856.84\msedgewebview2.exe"" --type=crashpad-handler --user-data-dir=C:\Users\jeane\AppData\Local\Packages\MicrosoftWindows.Client.CBS_cw5n1h2txyewy\LocalState\EBWebView /prefetch:4 /pfhostedapp:08a162b231ed7d449b7f5d8346f0b75eb77416ed --monitor-self-annotation=ptype=crashpad-handler --database=C:\Users\jeane\AppData\Local\Packages\MicrosoftWindows.Client.CBS_cw5n1h2txyewy\LocalState\EBWebView\Crashpad --annotation=IsOfficialBuild=1 --annotation=channel= --annotation=chromium-version=146.0.7680.166 ""--annotation=exe=C:\Program Files (x86)\Microsoft\EdgeWebView\Application\146.0.3856.84\msedgewebview2.exe"" --annotation=plat=Win64 ""--annotation=prod=Edge WebView2"" --annotation=ver=146.0.3856.84 --initial-client-data=0x170,0x174,0x178,0x148,0x17c,0x7fff553d34d8,0x7fff553d34e4,0x7fff553d34f0"
"12640","3136","ctfmon.exe",
"13024","1248","SearchIndexer.exe",
"13108","12368","msedgewebview2.exe","""C:\Program Files (x86)\Microsoft\EdgeWebView\Application\146.0.3856.84\msedgewebview2.exe"" --type=gpu-process --noerrdialogs --user-agent=""Mozilla/5.0 (Windows NT 10.0; Win64; x64; Cortana 1.18.9.23723; 10.0.0.0.26200.8039) AppleWebKit/537.36 (KHTML, like Gecko) Chrome/70.0.3538.102 Safari/537.36 Edge/18.26200 IsWebView2/True (WebView2Version 146.0.3856.84)"" --user-data-dir=""C:\Users\jeane\AppData\Local\Packages\MicrosoftWindows.Client.CBS_cw5n1h2txyewy\LocalState\EBWebView"" --webview-exe-name=SearchHost.exe --webview-exe-version=2126.2002.40.0 --embedded-browser-webview=1 --gpu-preferences=SAAAAAAAAADgAAAEAAAAAAAAAAAAAGAAAQAAAAAAAAAAAAAAAAAAAAIAAAAAAAAAAAAAAAAAAAAQAAAAAAAAABAAAAAAAAAACAAAAAAAAAAIAAAAAAAAAA== --always-read-main-dll --metrics-shmem-handle=1888,i,8260003242984174425,10893859111128120849,262144 --field-trial-handle=1988,i,17575463055484540656,10057827925081713434,262144 --enable-features=msEdgeFluentOverlayScrollbar --disable-features=msSmartScreenProtection --variations-seed-version --pseudonymization-salt-handle=2000,i,3142501591416762488,8560468861531029559,4 --trace-process-track-uuid=3190708988185955192 --mojo-platform-channel-handle=1972 /prefetch:2 /pfhostedapp:08a162b231ed7d449b7f5d8346f0b75eb77416ed"
"13156","12368","msedgewebview2.exe","""C:\Program Files (x86)\Microsoft\EdgeWebView\Application\146.0.3856.84\msedgewebview2.exe"" --type=utility --utility-sub-type=network.mojom.NetworkService --lang=fr --service-sandbox-type=none --noerrdialogs --user-agent=""Mozilla/5.0 (Windows NT 10.0; Win64; x64; Cortana 1.18.9.23723; 10.0.0.0.26200.8039) AppleWebKit/537.36 (KHTML, like Gecko) Chrome/70.0.3538.102 Safari/537.36 Edge/18.26200 IsWebView2/True (WebView2Version 146.0.3856.84)"" --user-data-dir=""C:\Users\jeane\AppData\Local\Packages\MicrosoftWindows.Client.CBS_cw5n1h2txyewy\LocalState\EBWebView"" --webview-exe-name=SearchHost.exe --webview-exe-version=2126.2002.40.0 --embedded-browser-webview=1 --always-read-main-dll --metrics-shmem-handle=2336,i,2867869087930705117,11304777796930649987,524288 --field-trial-handle=1988,i,17575463055484540656,10057827925081713434,262144 --enable-features=msEdgeFluentOverlayScrollbar --disable-features=msSmartScreenProtection --variations-seed-version --pseudonymization-salt-handle=2000,i,3142501591416762488,8560468861531029559,4 --trace-process-track-uuid=3190708989122997041 --mojo-platform-channel-handle=2296 /prefetch:11 /pfhostedapp:08a162b231ed7d449b7f5d8346f0b75eb77416ed"
"13204","1476","LockApp.exe","""C:\WINDOWS\SystemApps\Microsoft.LockApp_cw5n1h2txyewy\LockApp.exe"" -ServerName:WindowsDefaultLockScreen.AppX7y4nbzq37zn4ks9k7amqjywdat7d3j2z.mca"
"12500","12368","msedgewebview2.exe","""C:\Program Files (x86)\Microsoft\EdgeWebView\Application\146.0.3856.84\msedgewebview2.exe"" --type=utility --utility-sub-type=storage.mojom.StorageService --lang=fr --service-sandbox-type=service --noerrdialogs --user-agent=""Mozilla/5.0 (Windows NT 10.0; Win64; x64; Cortana 1.18.9.23723; 10.0.0.0.26200.8039) AppleWebKit/537.36 (KHTML, like Gecko) Chrome/70.0.3538.102 Safari/537.36 Edge/18.26200 IsWebView2/True (WebView2Version 146.0.3856.84)"" --user-data-dir=""C:\Users\jeane\AppData\Local\Packages\MicrosoftWindows.Client.CBS_cw5n1h2txyewy\LocalState\EBWebView"" --webview-exe-name=SearchHost.exe --webview-exe-version=2126.2002.40.0 --embedded-browser-webview=1 --always-read-main-dll --metrics-shmem-handle=2524,i,3780367836097698266,12126924165901800383,524288 --field-trial-handle=1988,i,17575463055484540656,10057827925081713434,262144 --enable-features=msEdgeFluentOverlayScrollbar --disable-features=msSmartScreenProtection --variations-seed-version --pseudonymization-salt-handle=2000,i,3142501591416762488,8560468861531029559,4 --trace-process-track-uuid=3190708990060038890 --mojo-platform-channel-handle=2460 /prefetch:13 /pfhostedapp:08a162b231ed7d449b7f5d8346f0b75eb77416ed"
"13404","12368","msedgewebview2.exe","""C:\Program Files (x86)\Microsoft\EdgeWebView\Application\146.0.3856.84\msedgewebview2.exe"" --type=renderer --noerrdialogs --user-agent=""Mozilla/5.0 (Windows NT 10.0; Win64; x64; Cortana 1.18.9.23723; 10.0.0.0.26200.8039) AppleWebKit/537.36 (KHTML, like Gecko) Chrome/70.0.3538.102 Safari/537.36 Edge/18.26200 IsWebView2/True (WebView2Version 146.0.3856.84)"" --user-data-dir=""C:\Users\jeane\AppData\Local\Packages\MicrosoftWindows.Client.CBS_cw5n1h2txyewy\LocalState\EBWebView"" --webview-exe-name=SearchHost.exe --webview-exe-version=2126.2002.40.0 --embedded-browser-webview=1 --video-capture-use-gpu-memory-buffer --lang=fr --device-scale-factor=1 --num-raster-threads=4 --enable-main-frame-before-activation --renderer-client-id=5 --js-flags=""--expose-gc --ms-user-locale=fr_FR"" --time-ticks-at-unix-epoch=-1775027349886957 --launch-time-ticks=12662953 --always-read-main-dll --metrics-shmem-handle=3820,i,15986547655648727743,2305313413433016497,2097152 --field-trial-handle=1988,i,17575463055484540656,10057827925081713434,262144 --enable-features=msEdgeFluentOverlayScrollbar --disable-features=msSmartScreenProtection --variations-seed-version --pseudonymization-salt-handle=2000,i,3142501591416762488,8560468861531029559,4 --trace-process-track-uuid=3190708990997080739 --mojo-platform-channel-handle=3840 /pfhostedapp:08a162b231ed7d449b7f5d8346f0b75eb77416ed /prefetch:1"
"14048","1476","RuntimeBroker.exe","C:\Windows\System32\RuntimeBroker.exe -Embedding"
"14320","1248","svchost.exe","C:\WINDOWS\system32\svchost.exe -k LocalService -p -s NPSMSvc"
"14020","1248","NisSrv.exe",
"8100","1972","VoiceControlEngine.exe",
"15600","1972","MSI.TerminalServer.exe",
"15996","1476","PhoneExperienceHost.exe","""C:\Program Files\WindowsApps\Microsoft.YourPhone_1.26011.42.0_x64__8wekyb3d8bbwe\PhoneExperienceHost.exe"" -ComServer:Background -Embedding"
"17900","1476","TextInputHost.exe","""C:\WINDOWS\SystemApps\MicrosoftWindows.Client.CBS_cw5n1h2txyewy\TextInputHost.exe"" -ServerName:InputApp.AppXk0k6mrh4r2q0ct33a9wgbez0x7v9cz5y.mca"
"17968","11344","CC_Engine_x64.exe",
"19028","9144","SecurityHealthSystray.exe","""C:\Windows\System32\SecurityHealthSystray.exe"" "
"18896","1248","SecurityHealthService.exe",
"18980","1248","svchost.exe",
"18688","19356","Discord.exe","""C:\Users\jeane\AppData\Local\Discord\app-1.0.9230\Discord.exe"" --start-minimized"
"19096","18688","Discord.exe","C:\Users\jeane\AppData\Local\Discord\app-1.0.9230\Discord.exe --type=crashpad-handler --user-data-dir=C:\Users\jeane\AppData\Roaming\discord /prefetch:4 --no-rate-limit --monitor-self-annotation=ptype=crashpad-handler --database=C:\Users\jeane\AppData\Roaming\discord\Crashpad --url=https://f.a.k/e --annotation=_productName=discord --annotation=_version=1.0.9230 --annotation=plat=Win64 --annotation=prod=Electron --annotation=ver=37.6.0 --initial-client-data=0x4dc,0x4e4,0x4e8,0x4e0,0x49c,0x7ff77b2fb074,0x7ff77b2fb080,0x7ff77b2fb090"
"19396","18688","Discord.exe","""C:\Users\jeane\AppData\Local\Discord\app-1.0.9230\Discord.exe"" --type=gpu-process --user-data-dir=""C:\Users\jeane\AppData\Roaming\discord"" --gpu-preferences=UAAAAAAAAADgAAAEAAAAAAAAAAAAAAAAAABgAAEAAAAAAAAAAAAAAAAAAAACAAAAAAAAAAAAAAAAAAAAAAAAABAAAAAAAAAAEAAAAAAAAAAIAAAAAAAAAAgAAAAAAAAA --field-trial-handle=1744,i,10041768059516653209,12842977364045316259,262144 --enable-features=EnableTransparentHwndEnlargement --disable-features=AllowAggressiveThrottlingWithWebSocket,HardwareMediaKeyHandling,IntensiveWakeUpThrottling,MediaSessionService,ScreenAIOCREnabled,SpareRendererForSitePerProcess,UseEcoQoSForBackgroundProcess,WinDelaySpellcheckServiceInit,WinRetrieveSuggestionsOnlyOnDemand --variations-seed-version --mojo-platform-channel-handle=1740 /prefetch:2"
"18480","18688","Discord.exe","""C:\Users\jeane\AppData\Local\Discord\app-1.0.9230\Discord.exe"" --type=utility --utility-sub-type=network.mojom.NetworkService --lang=fr --service-sandbox-type=none --user-data-dir=""C:\Users\jeane\AppData\Roaming\discord"" --standard-schemes=disclip --secure-schemes=disclip,sentry-ipc --bypasscsp-schemes=sentry-ipc --cors-schemes=sentry-ipc --fetch-schemes=disclip,sentry-ipc --streaming-schemes=disclip --field-trial-handle=1744,i,10041768059516653209,12842977364045316259,262144 --enable-features=EnableTransparentHwndEnlargement --disable-features=AllowAggressiveThrottlingWithWebSocket,HardwareMediaKeyHandling,IntensiveWakeUpThrottling,MediaSessionService,ScreenAIOCREnabled,SpareRendererForSitePerProcess,UseEcoQoSForBackgroundProcess,WinDelaySpellcheckServiceInit,WinRetrieveSuggestionsOnlyOnDemand --variations-seed-version --mojo-platform-channel-handle=2028 /prefetch:11"
"19852","18688","Discord.exe","""C:\Users\jeane\AppData\Local\Discord\app-1.0.9230\Discord.exe"" --type=renderer --user-data-dir=""C:\Users\jeane\AppData\Roaming\discord"" --standard-schemes=disclip --secure-schemes=disclip,sentry-ipc --bypasscsp-schemes=sentry-ipc --cors-schemes=sentry-ipc --fetch-schemes=disclip,sentry-ipc --streaming-schemes=disclip --app-user-model-id=com.squirrel.Discord.Discord --app-path=""C:\Users\jeane\AppData\Local\Discord\app-1.0.9230\resources\app.asar"" --no-sandbox --no-zygote --enable-blink-features=EnumerateDevices,AudioOutputDevices --autoplay-policy=no-user-gesture-required --disable-background-timer-throttling --enable-h264-mf --enable-h264-mf-zero-copy --video-capture-use-gpu-memory-buffer --lang=fr --device-scale-factor=1 --num-raster-threads=4 --enable-main-frame-before-activation --renderer-client-id=6 --time-ticks-at-unix-epoch=-1775027349886957 --launch-time-ticks=35665238 --field-trial-handle=1744,i,10041768059516653209,12842977364045316259,262144 --enable-features=EnableTransparentHwndEnlargement --disable-features=AllowAggressiveThrottlingWithWebSocket,HardwareMediaKeyHandling,IntensiveWakeUpThrottling,MediaSessionService,ScreenAIOCREnabled,SpareRendererForSitePerProcess,UseEcoQoSForBackgroundProcess,WinDelaySpellcheckServiceInit,WinRetrieveSuggestionsOnlyOnDemand --variations-seed-version --mojo-platform-channel-handle=3120 --enable-node-leakage-in-renderers /prefetch:1"
"6804","9144","lghub.exe","""C:\Program Files\LGHUB\lghub.exe"" --background"
"17888","6804","lghub_system_tray.exe","""C:\Program Files\LGHUB\system_tray\lghub_system_tray.exe"" --background"
"17896","6804","lghub_agent.exe","""C:\Program Files\LGHUB\lghub_agent.exe"""
"18748","6804","lghub.exe","""C:\Program Files\LGHUB\lghub.exe"" --type=gpu-process --user-data-dir=""C:\Users\jeane\AppData\Roaming\LGHUB"" --gpu-preferences=UAAAAAAAAADgAAAYAAAAAAAAAAAAAAAAAABgAAAAAAAwAAAAAAAAAAAAAAAAAAAAAAAAAAAAAAAAAAAAAAAAAEgAAAAAAAAASAAAAAAAAAAYAAAAAgAAABAAAAAAAAAAGAAAAAAAAAAQAAAAAAAAAAAAAAAOAAAAEAAAAAAAAAABAAAADgAAAAgAAAAAAAAACAAAAAAAAAA= --mojo-platform-channel-handle=1736 --field-trial-handle=1812,i,3388674572263377889,10068515161471134619,131072 --disable-features=SpareRendererForSitePerProcess,WinRetrieveSuggestionsOnlyOnDemand /prefetch:2"
"20464","6804","lghub.exe","""C:\Program Files\LGHUB\lghub.exe"" --type=utility --utility-sub-type=network.mojom.NetworkService --lang=fr --service-sandbox-type=none --user-data-dir=""C:\Users\jeane\AppData\Roaming\LGHUB"" --mojo-platform-channel-handle=1948 --field-trial-handle=1812,i,3388674572263377889,10068515161471134619,131072 --disable-features=SpareRendererForSitePerProcess,WinRetrieveSuggestionsOnlyOnDemand /prefetch:8"
"21280","18688","Discord.exe","""C:\Users\jeane\AppData\Local\Discord\app-1.0.9230\Discord.exe"" --type=utility --utility-sub-type=audio.mojom.AudioService --lang=fr --service-sandbox-type=audio --video-capture-use-gpu-memory-buffer --user-data-dir=""C:\Users\jeane\AppData\Roaming\discord"" --standard-schemes=disclip --secure-schemes=disclip,sentry-ipc --bypasscsp-schemes=sentry-ipc --cors-schemes=sentry-ipc --fetch-schemes=disclip,sentry-ipc --streaming-schemes=disclip --field-trial-handle=1744,i,10041768059516653209,12842977364045316259,262144 --enable-features=EnableTransparentHwndEnlargement --disable-features=AllowAggressiveThrottlingWithWebSocket,HardwareMediaKeyHandling,IntensiveWakeUpThrottling,MediaSessionService,ScreenAIOCREnabled,SpareRendererForSitePerProcess,UseEcoQoSForBackgroundProcess,WinDelaySpellcheckServiceInit,WinRetrieveSuggestionsOnlyOnDemand --variations-seed-version --mojo-platform-channel-handle=4264 /prefetch:12"
"3056","1476","unsecapp.exe","C:\WINDOWS\system32\wbem\unsecapp.exe -Embedding"
"1904","1972","FanControl.exe",
"21056","21048","CCXProcess.exe","""C:\Program Files\Adobe\Adobe Creative Cloud Experience\CCXProcess.exe"""
"20920","21056","node.exe","""C:\Program Files\Adobe\Adobe Creative Cloud Experience\libs\node.exe"" ""C:\Program Files\Adobe\Adobe Creative Cloud Experience\js\main.js"""
"21132","20920","conhost.exe","\??\C:\WINDOWS\system32\conhost.exe 0x4"
"13068","1248","svchost.exe",
"21400","20920","AdobeIPCBroker.exe","""C:\Program Files (x86)\Common Files\Adobe\Adobe Desktop Common\IPCBox\AdobeIPCBroker.exe"" ""-launchedbyvulcan-20920 C:\Program Files\Adobe\Adobe Creative Cloud Experience\libs\node.exe"""
"19788","9144","steam.exe","""C:\Program Files (x86)\Steam\steam.exe"" -silent"
"21276","19788","steamwebhelper.exe","""C:\Program Files (x86)\Steam\bin\cef\cef.win64\steamwebhelper.exe"" -nocrashdialog ""-lang=fr_FR"" ""-cachedir=C:\Users\jeane\AppData\Local\Steam\htmlcache"" ""-steampid=19788"" ""-buildid=1774577504"" ""-steamid=0"" ""-logdir=C:\Program Files (x86)\Steam\logs"" ""-uimode=7"" ""-startcount=0"" ""-steamuniverse=Public"" ""-realm=Global"" ""-clientui=C:\Program Files (x86)\Steam\clientui"" ""-steampath=C:\Program Files (x86)\Steam\steam.exe"" ""-launcher=0"" ""--valve-initial-threadpool-size=4"" --valve-enable-site-isolation --enable-smooth-scrolling ""--log-file=C:\Program Files (x86)\Steam\logs\cef_log.txt"" --disable-quick-menu --disable-component-update ""--gaia-url=http://disabled.invalid"" ""--enable-features=PlatformHEVCDecoderSupport"" ""--disable-features=WinRetrieveSuggestionsOnlyOnDemand,SpareRendererForSitePerProcess,DcheckIsFatal,BlockPromptsIfIgnoredOften,ValveFFmpegAllowLowDelayHEVC"""
"10660","1248","steamservice.exe",
"21484","21276","steamwebhelper.exe","""C:\Program Files (x86)\Steam\bin\cef\cef.win64\steamwebhelper.exe"" --type=crashpad-handler /prefetch:4 --max-uploads=5 --max-db-size=20 --max-db-age=5 --monitor-self-annotation=ptype=crashpad-handler ""--database=C:\Program Files (x86)\Steam\dumps"" ""--metrics-dir=C:\Users\jeane\AppData\Local\CEF\User Data"" --url=https://crash.steampowered.com/submit --annotation=platform=win64 --annotation=product=cefwebhelper --annotation=version=1774577504 --initial-client-data=0x380,0x384,0x388,0x37c,0x38c,0x7ffed516af00,0x7ffed516af0c,0x7ffed516af18"
"2248","21276","steamwebhelper.exe","""C:\Program Files (x86)\Steam\bin\cef\cef.win64\steamwebhelper.exe"" --type=gpu-process --start-stack-profiler --enable-chrome-runtime --user-data-dir=""C:\Users\jeane\AppData\Local\Steam\htmlcache"" --user-agent-product=""Valve Steam Client"" --buildid=1774577504 --steamid=0 --valve-initial-threadpool-size=4 --gpu-preferences=WAAAAAAAAADgAAAMAAAAAAAAAAAAAAAAAABgAAEAAAA4AAAAAAAAAAAAAAAEAAAAAAAAAAAAAAAAAAAAAAAAAAAAAAAAAAAAGAAAAAAAAAAYAAAAAAAAAAgAAAAAAAAACAAAAAAAAAAIAAAAAAAAAA== --field-trial-handle=1900,i,12524461577250696255,15674527464468332663,262144 --enable-features=PlatformHEVCDecoderSupport --disable-features=BlockPromptsIfIgnoredOften,DcheckIsFatal,SpareRendererForSitePerProcess,ValveFFmpegAllowLowDelayHEVC,WinRetrieveSuggestionsOnlyOnDemand --variations-seed-version --enable-logging=handle --log-file=1864 --mojo-platform-channel-handle=1896 /prefetch:2"
"21736","21276","steamwebhelper.exe","""C:\Program Files (x86)\Steam\bin\cef\cef.win64\steamwebhelper.exe"" --type=utility --utility-sub-type=network.mojom.NetworkService --lang=fr --service-sandbox-type=none --start-stack-profiler --enable-chrome-runtime --user-data-dir=""C:\Users\jeane\AppData\Local\Steam\htmlcache"" --user-agent-product=""Valve Steam Client"" --buildid=1774577504 --steamid=0 --valve-initial-threadpool-size=4 --field-trial-handle=2184,i,12524461577250696255,15674527464468332663,262144 --enable-features=PlatformHEVCDecoderSupport --disable-features=BlockPromptsIfIgnoredOften,DcheckIsFatal,SpareRendererForSitePerProcess,ValveFFmpegAllowLowDelayHEVC,WinRetrieveSuggestionsOnlyOnDemand --variations-seed-version --enable-logging=handle --log-file=2200 --mojo-platform-channel-handle=2196 /prefetch:11"
"21808","21276","steamwebhelper.exe","""C:\Program Files (x86)\Steam\bin\cef\cef.win64\steamwebhelper.exe"" --type=utility --utility-sub-type=storage.mojom.StorageService --lang=fr --service-sandbox-type=service --enable-chrome-runtime --user-data-dir=""C:\Users\jeane\AppData\Local\Steam\htmlcache"" --user-agent-product=""Valve Steam Client"" --buildid=1774577504 --steamid=0 --valve-initial-threadpool-size=4 --field-trial-handle=2308,i,12524461577250696255,15674527464468332663,262144 --enable-features=PlatformHEVCDecoderSupport --disable-features=BlockPromptsIfIgnoredOften,DcheckIsFatal,SpareRendererForSitePerProcess,ValveFFmpegAllowLowDelayHEVC,WinRetrieveSuggestionsOnlyOnDemand --variations-seed-version --enable-logging=handle --log-file=2316 --mojo-platform-channel-handle=2288 /prefetch:13"
"22136","21276","steamwebhelper.exe","""C:\Program Files (x86)\Steam\bin\cef\cef.win64\steamwebhelper.exe"" --type=renderer --enable-chrome-runtime --user-data-dir=""C:\Users\jeane\AppData\Local\Steam\htmlcache"" --user-agent-product=""Valve Steam Client"" --buildid=1774577504 --steamid=0 --valve-initial-threadpool-size=4 --gaia-url=http://disabled.invalid --lang=fr --device-scale-factor=1 --num-raster-threads=4 --enable-main-frame-before-activation --renderer-client-id=5 --time-ticks-at-unix-epoch=-1775027349886043 --launch-time-ticks=49377888 --field-trial-handle=3740,i,12524461577250696255,15674527464468332663,262144 --enable-features=PlatformHEVCDecoderSupport --disable-features=BlockPromptsIfIgnoredOften,DcheckIsFatal,SpareRendererForSitePerProcess,ValveFFmpegAllowLowDelayHEVC,WinRetrieveSuggestionsOnlyOnDemand --variations-seed-version --enable-logging=handle --log-file=3752 --mojo-platform-channel-handle=4060 /prefetch:1"
"22384","1476","ShellExperienceHost.exe","""C:\WINDOWS\SystemApps\ShellExperienceHost_cw5n1h2txyewy\ShellExperienceHost.exe"" -ServerName:App.AppXtk181tbxbce2qsex02s8tw7hfxa9xb3t.mca"
"21884","1476","RuntimeBroker.exe","C:\Windows\System32\RuntimeBroker.exe -Embedding"
"22168","9144","WaveLinkSE.exe","""C:\Program Files\Elgato\WaveLink\WaveLinkSE.exe"" "
"17396","9144","WaveLink.exe","""C:\Program Files\Elgato\WaveLink\WaveLink.exe"" -runinbk"
"22120","1248","MidiSrv.exe",
"16916","1248","svchost.exe",
"22616","22588","BrCtrlCntr.exe","-BootProc"
"22668","22544","BrStMonW.exe","""C:\Program Files (x86)\Browny02\Brother\BrStMonW.exe"" /AUTORUN"
"22736","1248","BrYNSvc.exe",
"22788","22616","BrCcUxSys.exe","-BootProc"
"23204","22544","jusched.exe","""C:\Program Files (x86)\Common Files\Java\Java Update\jusched.exe"" "
"23280","21276","steamwebhelper.exe","""C:\Program Files (x86)\Steam\bin\cef\cef.win64\steamwebhelper.exe"" --type=renderer --enable-chrome-runtime --user-data-dir=""C:\Users\jeane\AppData\Local\Steam\htmlcache"" --user-agent-product=""Valve Steam Client"" --buildid=1774577504 --steamid=0 --valve-initial-threadpool-size=4 --gaia-url=http://disabled.invalid --lang=fr --device-scale-factor=1 --num-raster-threads=4 --enable-main-frame-before-activation --renderer-client-id=9 --time-ticks-at-unix-epoch=-1775027349886043 --launch-time-ticks=56168337 --field-trial-handle=5816,i,12524461577250696255,15674527464468332663,262144 --enable-features=PlatformHEVCDecoderSupport --disable-features=BlockPromptsIfIgnoredOften,DcheckIsFatal,SpareRendererForSitePerProcess,ValveFFmpegAllowLowDelayHEVC,WinRetrieveSuggestionsOnlyOnDemand --variations-seed-version --enable-logging=handle --log-file=5232 --mojo-platform-channel-handle=5584 /prefetch:1"
"23440","17396","crashpad_handler.exe","""C:\Program Files\Elgato\WaveLink\crashpad_handler.exe"" --no-rate-limit --database=C:\Users\jeane\AppData\Local\Temp\Sentry_WaveLink\ --metrics-dir=C:\Users\jeane\AppData\Local\Temp\Sentry_WaveLink\ --url=https://o324181.ingest.sentry.io:443/api/6301419/minidump/?sentry_client=sentry.native/0.4.15&sentry_key=b632b476a75c4d869178da2cd85107f4 --attachment=C:\Users\jeane\AppData\Local\Temp\Sentry_WaveLink\056adbec-c58f-42ad-5f33-f69a9298c910.run\__sentry-event --attachment=C:\Users\jeane\AppData\Local\Temp\Sentry_WaveLink\056adbec-c58f-42ad-5f33-f69a9298c910.run\__sentry-breadcrumb1 --attachment=C:\Users\jeane\AppData\Local\Temp\Sentry_WaveLink\056adbec-c58f-42ad-5f33-f69a9298c910.run\__sentry-breadcrumb2 --initial-client-data=0x868,0x870,0x874,0x748,0x85c,0x7ffecf72df30,0x7ffecf72df50,0x7ffecf72df68"
"23052","4476","WsToastNotification.exe","""C:\Users\jeane\AppData\Local\Wondershare\Wondershare NativePush\WsToastNotification.exe"""
"9740","23052","conhost.exe","\??\C:\WINDOWS\system32\conhost.exe 0x4"
"19212","1248","svchost.exe","C:\WINDOWS\System32\svchost.exe -k UnistackSvcGroup"
"9156","1248","svchost.exe",
"5360","1248","svchost.exe",
"23220","1248","svchost.exe",
"23544","1248","svchost.exe",
"23036","1248","svchost.exe",
"5724","1248","svchost.exe",
"3744","1476","SystemSettings.exe","""C:\Windows\ImmersiveControlPanel\SystemSettings.exe"" -ServerName:microsoft.windows.immersivecontrolpanel"
"2812","1476","ApplicationFrameHost.exe","C:\WINDOWS\system32\ApplicationFrameHost.exe -Embedding"
"5096","5128","AdobeCollabSync.exe","""C:\Program Files\Adobe\Acrobat DC\Acrobat\AdobeCollabSync.exe"""
"10560","5096","AdobeCollabSync.exe","""C:\Program Files\Adobe\Acrobat DC\Acrobat\AdobeCollabSync.exe"" --type=collab-renderer --proc=5096"
"4080","1476","XboxPcAppFT.exe","""C:\Program Files\WindowsApps\Microsoft.GamingApp_2602.1001.5.0_x64__8wekyb3d8bbwe\XboxPcAppFT.exe"" -Embedding"
"4144","1248","svchost.exe",
"6512","1248","svchost.exe",
"13248","1248","svchost.exe",
"17748","7040","firefox.exe","""C:\Program Files\Mozilla Firefox\firefox.exe"""
"13412","17748","crashhelper.exe","""C:\Program Files\Mozilla Firefox\crashhelper.exe"" ""17748"" ""\\.\pipe\gecko-crash-server-pipe.17748"" ""C:\Users\jeane\AppData\Local\Temp\\"" ""980"" ""1004"""
"11464","17748","firefox.exe","""C:\Program Files\Mozilla Firefox\firefox.exe"" -contentproc -parentBuildID 20260318190823 -prefsHandle 2120:48903 -prefMapHandle 2124:302762 -ipcHandle 2148 -initialChannelId {dbe52b5b-5b2c-4462-aa7c-433003fd71fb} -parentPid 17748 -crashReporter ""\\.\pipe\gecko-crash-server-pipe.17748"" -crashHelper 2164 -appDir ""C:\Program Files\Mozilla Firefox\browser"" - 1 gpu"
"17588","17748","firefox.exe","""C:\Program Files\Mozilla Firefox\firefox.exe"" -contentproc -parentBuildID 20260318190823 -prefsHandle 3048:48967 -prefMapHandle 3052:302762 -ipcHandle 3012 -initialChannelId {74a68ebe-4560-40df-80c1-7c4888af8213} -parentPid 17748 -crashReporter ""\\.\pipe\gecko-crash-server-pipe.17748"" -crashHelper 3060 -win32kLockedDown -appDir ""C:\Program Files\Mozilla Firefox\browser"" - 2 socket"
"23228","17748","firefox.exe","""C:\Program Files\Mozilla Firefox\firefox.exe"" -contentproc -isForBrowser -prefsHandle 3648:49032 -prefMapHandle 3652:302762 -jsInitHandle 3656:156136 -parentBuildID 20260318190823 -ipcHandle 3664 -initialChannelId {41d66f1e-8c28-4c78-80de-b95e5c01918c} -parentPid 17748 -crashReporter ""\\.\pipe\gecko-crash-server-pipe.17748"" -crashHelper 3668 -win32kLockedDown -appDir ""C:\Program Files\Mozilla Firefox\browser"" - 3 tab"
"20436","17748","firefox.exe","""C:\Program Files\Mozilla Firefox\firefox.exe"" -contentproc -parentBuildID 20260318190823 -prefsHandle 3828:49032 -prefMapHandle 3852:302762 -ipcHandle 3856 -initialChannelId {efe8f72c-e9a6-4c19-b984-31c76a6f52a5} -parentPid 17748 -crashReporter ""\\.\pipe\gecko-crash-server-pipe.17748"" -crashHelper 3864 -appDir ""C:\Program Files\Mozilla Firefox\browser"" - 4 rdd"
"19164","17748","firefox.exe","""C:\Program Files\Mozilla Firefox\firefox.exe"" -contentproc -isForBrowser -prefsHandle 4856:36874 -prefMapHandle 4860:302762 -jsInitHandle 4864:156136 -parentBuildID 20260318190823 -ipcHandle 4872 -initialChannelId {0bc3dd16-158f-42a9-a8c2-9d1f3a6f08a0} -parentPid 17748 -crashReporter ""\\.\pipe\gecko-crash-server-pipe.17748"" -crashHelper 4880 -win32kLockedDown -appDir ""C:\Program Files\Mozilla Firefox\browser"" - 5 tab"
"22112","17748","firefox.exe","""C:\Program Files\Mozilla Firefox\firefox.exe"" -contentproc -isForBrowser -prefsHandle 5072:36874 -prefMapHandle 5076:302762 -jsInitHandle 5080:156136 -parentBuildID 20260318190823 -ipcHandle 5064 -initialChannelId {4f720fb3-58ad-415f-b4a7-9634dd815fcf} -parentPid 17748 -crashReporter ""\\.\pipe\gecko-crash-server-pipe.17748"" -crashHelper 5088 -win32kLockedDown -appDir ""C:\Program Files\Mozilla Firefox\browser"" - 6 tab"
"19844","17748","firefox.exe","""C:\Program Files\Mozilla Firefox\firefox.exe"" -contentproc -isForBrowser -prefsHandle 5276:36874 -prefMapHandle 5280:302762 -jsInitHandle 5284:156136 -parentBuildID 20260318190823 -ipcHandle 5292 -initialChannelId {3ae985b4-b0ac-4a33-87ae-cc346af7cf93} -parentPid 17748 -crashReporter ""\\.\pipe\gecko-crash-server-pipe.17748"" -crashHelper 5300 -win32kLockedDown -appDir ""C:\Program Files\Mozilla Firefox\browser"" - 7 tab"
"11508","17748","firefox.exe","""C:\Program Files\Mozilla Firefox\firefox.exe"" -contentproc -isForBrowser -prefsHandle 4384:58888 -prefMapHandle 5768:302762 -jsInitHandle 5860:156136 -parentBuildID 20260318190823 -ipcHandle 5868 -initialChannelId {5e83d655-3375-4954-93aa-83540db55572} -parentPid 17748 -crashReporter ""\\.\pipe\gecko-crash-server-pipe.17748"" -crashHelper 5880 -win32kLockedDown -appDir ""C:\Program Files\Mozilla Firefox\browser"" - 8 tab"
"16044","17748","firefox.exe","""C:\Program Files\Mozilla Firefox\firefox.exe"" -contentproc -parentBuildID 20260318190823 -sandboxingKind 0 -prefsHandle 6624:58968 -prefMapHandle 6560:302762 -ipcHandle 6708 -initialChannelId {f9ecbecb-b4ff-47f1-b435-eb2d3f12c6c8} -parentPid 17748 -crashReporter ""\\.\pipe\gecko-crash-server-pipe.17748"" -crashHelper 6632 -win32kLockedDown -appDir ""C:\Program Files\Mozilla Firefox\browser"" - 9 utility"
"14652","17748","firefox.exe","""C:\Program Files\Mozilla Firefox\firefox.exe"" -contentproc -isForBrowser -prefsHandle 7208:46905 -prefMapHandle 7212:302762 -jsInitHandle 7216:156136 -parentBuildID 20260318190823 -ipcHandle 7224 -initialChannelId {966b4c8f-f757-4689-86bf-22b8bfd9c84d} -parentPid 17748 -crashReporter ""\\.\pipe\gecko-crash-server-pipe.17748"" -crashHelper 7232 -win32kLockedDown -appDir ""C:\Program Files\Mozilla Firefox\browser"" - 10 tab"
"16844","17748","firefox.exe","""C:\Program Files\Mozilla Firefox\firefox.exe"" -contentproc -parentBuildID 20260318190823 -sandboxingKind 1 -prefsHandle 8252:59130 -prefMapHandle 8256:302762 -ipcHandle 8272 -initialChannelId {ac91f705-befb-4012-9f40-051277595a3d} -parentPid 17748 -crashReporter ""\\.\pipe\gecko-crash-server-pipe.17748"" -crashHelper 8100 -win32kLockedDown -appDir ""C:\Program Files\Mozilla Firefox\browser"" - 14 utility"
"5972","9144","Signal.exe","""C:\Users\jeane\AppData\Local\Programs\signal-desktop\Signal.exe"" "
"19144","5972","Signal.exe","""C:\Users\jeane\AppData\Local\Programs\signal-desktop\Signal.exe"" --type=gpu-process --user-data-dir=""C:\Users\jeane\AppData\Roaming\Signal"" --gpu-preferences=SAAAAAAAAADgAAAEAAAAAAAAAAAAAGAAAQAAAAAAAAAAAAAAAAAAAAIAAAAAAAAAAAAAAAAAAAAQAAAAAAAAABAAAAAAAAAACAAAAAAAAAAIAAAAAAAAAA== --field-trial-handle=1952,i,11373041668188780313,1509668030211804284,262144 --enable-features=EnableTransparentHwndEnlargement,PdfUseShowSaveFilePicker --disable-features=HardwareMediaKeyHandling,LocalNetworkAccessChecks,NetworkServiceSandbox,ScreenAIOCREnabled,SpareRendererForSitePerProcess,TraceSiteInstanceGetProcessCreation --variations-seed-version --trace-process-track-uuid=3190708988185955192 --mojo-platform-channel-handle=1944 /prefetch:2"
"2648","5972","Signal.exe","""C:\Users\jeane\AppData\Local\Programs\signal-desktop\Signal.exe"" --type=utility --utility-sub-type=network.mojom.NetworkService --lang=fr --service-sandbox-type=none --user-data-dir=""C:\Users\jeane\AppData\Roaming\Signal"" --standard-schemes=attachment --fetch-schemes=attachment --streaming-schemes=attachment --field-trial-handle=1952,i,11373041668188780313,1509668030211804284,262144 --enable-features=EnableTransparentHwndEnlargement,PdfUseShowSaveFilePicker --disable-features=HardwareMediaKeyHandling,LocalNetworkAccessChecks,NetworkServiceSandbox,ScreenAIOCREnabled,SpareRendererForSitePerProcess,TraceSiteInstanceGetProcessCreation --variations-seed-version --trace-process-track-uuid=3190708989122997041 --mojo-platform-channel-handle=2176 /prefetch:11"
"22768","5972","Signal.exe","""C:\Users\jeane\AppData\Local\Programs\signal-desktop\Signal.exe"" --type=renderer --user-data-dir=""C:\Users\jeane\AppData\Roaming\Signal"" --standard-schemes=attachment --fetch-schemes=attachment --streaming-schemes=attachment --app-user-model-id=org.whispersystems.signal-desktop --app-path=""C:\Users\jeane\AppData\Local\Programs\signal-desktop\resources\app.asar"" --no-sandbox --no-zygote --video-capture-use-gpu-memory-buffer --lang=fr --device-scale-factor=1 --num-raster-threads=4 --enable-main-frame-before-activation --renderer-client-id=4 --time-ticks-at-unix-epoch=-1775027349886957 --launch-time-ticks=16292022783 --field-trial-handle=1952,i,11373041668188780313,1509668030211804284,262144 --enable-features=EnableTransparentHwndEnlargement,PdfUseShowSaveFilePicker --disable-features=HardwareMediaKeyHandling,LocalNetworkAccessChecks,NetworkServiceSandbox,ScreenAIOCREnabled,SpareRendererForSitePerProcess,TraceSiteInstanceGetProcessCreation --variations-seed-version --trace-process-track-uuid=3190708990060038890 --mojo-platform-channel-handle=3364 /prefetch:1"
"8604","9144","WhatsApp.Root.exe","""C:\Program Files\WindowsApps\5319275A.WhatsAppDesktop_2.2605.103.0_x64__cv1g1gvanyjgm\WhatsApp.Root.exe"" "
"17448","1476","RuntimeBroker.exe","C:\Windows\System32\RuntimeBroker.exe -Embedding"
"16480","8604","msedgewebview2.exe","""C:\Program Files (x86)\Microsoft\EdgeWebView\Application\146.0.3856.84\msedgewebview2.exe"" --embedded-browser-webview=1 --webview-exe-name=WhatsApp.Root.exe --webview-exe-version=1.0.0 --user-data-dir=""C:\Users\jeane\AppData\Local\Packages\5319275A.WhatsAppDesktop_cv1g1gvanyjgm\LocalCache\EBWebView"" --noerrdialogs --edge-webview-disable-crash-reporting=1 --embedded-browser-webview-enable-extension --disable-gpu --mojo-named-platform-channel-pipe=8604.2572.6477400112024390961 /pfhostedapp:bec122f3b089b78f1d7940edae726a6778969b47"
"16268","16480","msedgewebview2.exe","""C:\Program Files (x86)\Microsoft\EdgeWebView\Application\146.0.3856.84\msedgewebview2.exe"" --type=crashpad-handler --user-data-dir=C:\Users\jeane\AppData\Local\Packages\5319275A.WhatsAppDesktop_cv1g1gvanyjgm\LocalCache\EBWebView /prefetch:4 /pfhostedapp:bec122f3b089b78f1d7940edae726a6778969b47 --monitor-self-annotation=ptype=crashpad-handler --database=C:\Users\jeane\AppData\Local\Packages\5319275A.WhatsAppDesktop_cv1g1gvanyjgm\LocalCache\EBWebView\Crashpad --annotation=IsOfficialBuild=1 --annotation=channel= --annotation=chromium-version=146.0.7680.166 ""--annotation=exe=C:\Program Files (x86)\Microsoft\EdgeWebView\Application\146.0.3856.84\msedgewebview2.exe"" --annotation=plat=Win64 ""--annotation=prod=Edge WebView2"" --annotation=ver=146.0.3856.84 --initial-client-data=0x178,0x17c,0x180,0x154,0x188,0x7fff553d34d8,0x7fff553d34e4,0x7fff553d34f0"
"21468","16480","msedgewebview2.exe","""C:\Program Files (x86)\Microsoft\EdgeWebView\Application\146.0.3856.84\msedgewebview2.exe"" --type=gpu-process --noerrdialogs --user-data-dir=""C:\Users\jeane\AppData\Local\Packages\5319275A.WhatsAppDesktop_cv1g1gvanyjgm\LocalCache\EBWebView"" --webview-exe-name=WhatsApp.Root.exe --webview-exe-version=1.0.0 --embedded-browser-webview=1 --gpu-preferences=SAAAAAAAAADgAAAEAAAAAAAAAAAAAGAAAAAAAAAAAAAAAAAAAAAAAAIAAAAAAAAAAAAAAAAAAAAQAAAAAAAAABAAAAAAAAAACAAAAAAAAAAIAAAAAAAAAA== --use-gl=angle --use-angle=d3d11-warp-webgl --startup-read-main-dll --metrics-shmem-handle=1872,i,4201274496957564446,9672022112113589460,262144 --field-trial-handle=1980,i,9052552620936003786,11965737324286081612,262144 --variations-seed-version --pseudonymization-salt-handle=1984,i,7662442673331342736,10929238030589200549,4 --trace-process-track-uuid=3190708988185955192 --mojo-platform-channel-handle=1968 /prefetch:2 /pfhostedapp:bec122f3b089b78f1d7940edae726a6778969b47"
"4260","16480","msedgewebview2.exe","""C:\Program Files (x86)\Microsoft\EdgeWebView\Application\146.0.3856.84\msedgewebview2.exe"" --type=utility --utility-sub-type=network.mojom.NetworkService --lang=fr --service-sandbox-type=none --noerrdialogs --user-data-dir=""C:\Users\jeane\AppData\Local\Packages\5319275A.WhatsAppDesktop_cv1g1gvanyjgm\LocalCache\EBWebView"" --webview-exe-name=WhatsApp.Root.exe --webview-exe-version=1.0.0 --embedded-browser-webview=1 --startup-read-main-dll --metrics-shmem-handle=2284,i,13940022509295144230,7160959114126258139,524288 --field-trial-handle=1980,i,9052552620936003786,11965737324286081612,262144 --variations-seed-version --pseudonymization-salt-handle=1984,i,7662442673331342736,10929238030589200549,4 --trace-process-track-uuid=3190708989122997041 --mojo-platform-channel-handle=2292 /prefetch:11 /pfhostedapp:bec122f3b089b78f1d7940edae726a6778969b47"
"15804","16480","msedgewebview2.exe","""C:\Program Files (x86)\Microsoft\EdgeWebView\Application\146.0.3856.84\msedgewebview2.exe"" --type=utility --utility-sub-type=storage.mojom.StorageService --lang=fr --service-sandbox-type=service --noerrdialogs --user-data-dir=""C:\Users\jeane\AppData\Local\Packages\5319275A.WhatsAppDesktop_cv1g1gvanyjgm\LocalCache\EBWebView"" --webview-exe-name=WhatsApp.Root.exe --webview-exe-version=1.0.0 --embedded-browser-webview=1 --startup-read-main-dll --metrics-shmem-handle=2360,i,4225778248082039129,1451022042440656774,524288 --field-trial-handle=1980,i,9052552620936003786,11965737324286081612,262144 --variations-seed-version --pseudonymization-salt-handle=1984,i,7662442673331342736,10929238030589200549,4 --trace-process-track-uuid=3190708990060038890 --mojo-platform-channel-handle=2384 /prefetch:13 /pfhostedapp:bec122f3b089b78f1d7940edae726a6778969b47"
"12300","5972","Signal.exe","""C:\Users\jeane\AppData\Local\Programs\signal-desktop\Signal.exe"" --type=utility --utility-sub-type=audio.mojom.AudioService --lang=fr --service-sandbox-type=audio --video-capture-use-gpu-memory-buffer --user-data-dir=""C:\Users\jeane\AppData\Roaming\Signal"" --standard-schemes=attachment --fetch-schemes=attachment --streaming-schemes=attachment --field-trial-handle=1952,i,11373041668188780313,1509668030211804284,262144 --enable-features=EnableTransparentHwndEnlargement,PdfUseShowSaveFilePicker --disable-features=HardwareMediaKeyHandling,LocalNetworkAccessChecks,NetworkServiceSandbox,ScreenAIOCREnabled,SpareRendererForSitePerProcess,TraceSiteInstanceGetProcessCreation --variations-seed-version --trace-process-track-uuid=3190708990997080739 --mojo-platform-channel-handle=4048 /prefetch:12"
"14356","16480","msedgewebview2.exe","""C:\Program Files (x86)\Microsoft\EdgeWebView\Application\146.0.3856.84\msedgewebview2.exe"" --type=renderer --noerrdialogs --user-data-dir=""C:\Users\jeane\AppData\Local\Packages\5319275A.WhatsAppDesktop_cv1g1gvanyjgm\LocalCache\EBWebView"" --webview-exe-name=WhatsApp.Root.exe --webview-exe-version=1.0.0 --embedded-browser-webview=1 --disable-gpu-compositing --video-capture-use-gpu-memory-buffer --lang=fr --device-scale-factor=1 --num-raster-threads=4 --enable-main-frame-before-activation --renderer-client-id=9 --js-flags=""--expose-gc --ms-user-locale=fr_FR"" --time-ticks-at-unix-epoch=-1775027349886957 --launch-time-ticks=16296273301 --skip-read-main-dll --metrics-shmem-handle=5552,i,11131241399101919080,17301556152687984418,2097152 --field-trial-handle=1980,i,9052552620936003786,11965737324286081612,262144 --variations-seed-version --pseudonymization-salt-handle=1984,i,7662442673331342736,10929238030589200549,4 --trace-process-track-uuid=3190708994745248135 --mojo-platform-channel-handle=5620 /pfhostedapp:bec122f3b089b78f1d7940edae726a6778969b47 /prefetch:1"
"5704","16480","msedgewebview2.exe","""C:\Program Files (x86)\Microsoft\EdgeWebView\Application\146.0.3856.84\msedgewebview2.exe"" --type=utility --utility-sub-type=audio.mojom.AudioService --lang=fr --service-sandbox-type=audio --noerrdialogs --user-data-dir=""C:\Users\jeane\AppData\Local\Packages\5319275A.WhatsAppDesktop_cv1g1gvanyjgm\LocalCache\EBWebView"" --webview-exe-name=WhatsApp.Root.exe --webview-exe-version=1.0.0 --embedded-browser-webview=1 --skip-read-main-dll --metrics-shmem-handle=5960,i,11991887804618041381,9840093006444884993,524288 --field-trial-handle=1980,i,9052552620936003786,11965737324286081612,262144 --variations-seed-version --pseudonymization-salt-handle=1984,i,7662442673331342736,10929238030589200549,4 --trace-process-track-uuid=3190708995682289984 --mojo-platform-channel-handle=5972 /prefetch:12 /pfhostedapp:bec122f3b089b78f1d7940edae726a6778969b47"
"20220","1248","svchost.exe",
"4364","1476","UserOOBEBroker.exe","C:\Windows\System32\oobe\UserOOBEBroker.exe -Embedding"
"10692","17748","firefox.exe","""C:\Program Files\Mozilla Firefox\firefox.exe"" -contentproc -parentBuildID 20260318190823 -sandboxingKind 2 -prefsHandle 8880:59218 -prefMapHandle 6564:302762 -ipcHandle 6368 -initialChannelId {cd70878c-4870-4dc3-a7f8-c0d142edc282} -parentPid 17748 -crashReporter ""\\.\pipe\gecko-crash-server-pipe.17748"" -crashHelper 7532 -appDir ""C:\Program Files\Mozilla Firefox\browser"" - 17 utility"
"8056","1476","RuntimeBroker.exe","C:\Windows\System32\RuntimeBroker.exe -Embedding"
"4720","5972","Signal.exe","""C:\Users\jeane\AppData\Local\Programs\signal-desktop\Signal.exe"" --type=utility --utility-sub-type=video_capture.mojom.VideoCaptureService --lang=fr --service-sandbox-type=none --video-capture-use-gpu-memory-buffer --user-data-dir=""C:\Users\jeane\AppData\Roaming\Signal"" --standard-schemes=attachment --fetch-schemes=attachment --streaming-schemes=attachment --field-trial-handle=1952,i,11373041668188780313,1509668030211804284,262144 --enable-features=EnableTransparentHwndEnlargement,PdfUseShowSaveFilePicker --disable-features=HardwareMediaKeyHandling,LocalNetworkAccessChecks,NetworkServiceSandbox,ScreenAIOCREnabled,SpareRendererForSitePerProcess,TraceSiteInstanceGetProcessCreation --variations-seed-version --trace-process-track-uuid=3190708992871164437 --mojo-platform-channel-handle=1120 /prefetch:14"
"17020","1248","svchost.exe",
"25504","1248","svchost.exe",
"25372","17748","firefox.exe","""C:\Program Files\Mozilla Firefox\firefox.exe"" -contentproc -isForBrowser -prefsHandle 11156:47256 -prefMapHandle 11184:302762 -jsInitHandle 10360:156136 -parentBuildID 20260318190823 -ipcHandle 10088 -initialChannelId {22279d4d-2eec-4416-a7bf-ca4a8e87742a} -parentPid 17748 -crashReporter ""\\.\pipe\gecko-crash-server-pipe.17748"" -crashHelper 10440 -win32kLockedDown -appDir ""C:\Program Files\Mozilla Firefox\browser"" - 40 tab"
"15484","25468","upc.exe","""C:\Program Files (x86)\Ubisoft\Ubisoft Game Launcher\upc.exe"" uplay://launch/4932 -upc_old_patch_version 13099 -upc_new_patch_version 13122"
"25244","15484","UplayWebCore.exe","""C:\Program Files (x86)\Ubisoft\Ubisoft Game Launcher\UplayWebCore.exe"" --type=gpu-process --no-sandbox --no-pre-read-main-dll --user-data-dir=""C:\Users\jeane\AppData\Local\Ubisoft Game Launcher\cache\http2"" --locales-dir-path=""C:\Program Files (x86)\Ubisoft\Ubisoft Game Launcher\locales\1"" --log-severity=disable --user-agent-product=ConnectPC --gpu-preferences=UAAAAAAAAADgAAAEAAAAAAAAAAAAAAAAAABgAAEAAAAAAAAAAAAAAAAAAAACAAAAAAAAAAAAAAAAAAAAAAAAABAAAAAAAAAAEAAAAAAAAAAIAAAAAAAAAAgAAAAAAAAA --field-trial-handle=2244,i,1097508973524173879,17367415290850842665,262144 --enable-features=AutofillDisableFilling --disable-features=EnableWindowsGamingInputDataFetcher,PasswordLeakDetection,SafeBrowsing --variations-seed-version --enable-logging=handle --log-file=2336 --mojo-platform-channel-handle=2232 /prefetch:2"
"5860","15484","UplayWebCore.exe","""C:\Program Files (x86)\Ubisoft\Ubisoft Game Launcher\UplayWebCore.exe"" --type=utility --utility-sub-type=network.mojom.NetworkService --lang=en-US --service-sandbox-type=none --no-sandbox --no-pre-read-main-dll --user-data-dir=""C:\Users\jeane\AppData\Local\Ubisoft Game Launcher\cache\http2"" --locales-dir-path=""C:\Program Files (x86)\Ubisoft\Ubisoft Game Launcher\locales\1"" --log-severity=disable --user-agent-product=ConnectPC --field-trial-handle=2244,i,1097508973524173879,17367415290850842665,262144 --enable-features=AutofillDisableFilling --disable-features=EnableWindowsGamingInputDataFetcher,PasswordLeakDetection,SafeBrowsing --variations-seed-version --enable-logging=handle --log-file=3452 --mojo-platform-channel-handle=3980 /prefetch:11"
"16780","15484","UplayWebCore.exe","""C:\Program Files (x86)\Ubisoft\Ubisoft Game Launcher\UplayWebCore.exe"" --type=utility --utility-sub-type=storage.mojom.StorageService --lang=en-US --service-sandbox-type=service --no-sandbox --no-pre-read-main-dll --user-data-dir=""C:\Users\jeane\AppData\Local\Ubisoft Game Launcher\cache\http2"" --locales-dir-path=""C:\Program Files (x86)\Ubisoft\Ubisoft Game Launcher\locales\1"" --log-severity=disable --user-agent-product=ConnectPC --field-trial-handle=2244,i,1097508973524173879,17367415290850842665,262144 --enable-features=AutofillDisableFilling --disable-features=EnableWindowsGamingInputDataFetcher,PasswordLeakDetection,SafeBrowsing --variations-seed-version --enable-logging=handle --log-file=4028 --mojo-platform-channel-handle=4024 /prefetch:13"
"14572","15484","UplayWebCore.exe","""C:\Program Files (x86)\Ubisoft\Ubisoft Game Launcher\UplayWebCore.exe"" --type=renderer --no-pre-read-main-dll --user-data-dir=""C:\Users\jeane\AppData\Local\Ubisoft Game Launcher\cache\http2"" --locales-dir-path=""C:\Program Files (x86)\Ubisoft\Ubisoft Game Launcher\locales\1"" --log-severity=disable --user-agent-product=ConnectPC --no-sandbox --disable-notifications --video-capture-use-gpu-memory-buffer --lang=en-US --device-scale-factor=1 --num-raster-threads=4 --enable-main-frame-before-activation --renderer-client-id=5 --time-ticks-at-unix-epoch=-1775027348818044 --launch-time-ticks=39619364049 --field-trial-handle=2244,i,1097508973524173879,17367415290850842665,262144 --enable-features=AutofillDisableFilling --disable-features=EnableWindowsGamingInputDataFetcher,PasswordLeakDetection,SafeBrowsing --variations-seed-version --enable-logging=handle --log-file=4100 --mojo-platform-channel-handle=4092 /prefetch:1"
"24288","15484","UplayWebCore.exe","""C:\Program Files (x86)\Ubisoft\Ubisoft Game Launcher\UplayWebCore.exe"" --type=renderer --no-pre-read-main-dll --user-data-dir=""C:\Users\jeane\AppData\Local\Ubisoft Game Launcher\cache\http2"" --locales-dir-path=""C:\Program Files (x86)\Ubisoft\Ubisoft Game Launcher\locales\1"" --log-severity=disable --user-agent-product=ConnectPC --no-sandbox --disable-notifications --video-capture-use-gpu-memory-buffer --lang=en-US --device-scale-factor=1 --num-raster-threads=4 --enable-main-frame-before-activation --renderer-client-id=7 --time-ticks-at-unix-epoch=-1775027348818044 --launch-time-ticks=39619961104 --field-trial-handle=2244,i,1097508973524173879,17367415290850842665,262144 --enable-features=AutofillDisableFilling --disable-features=EnableWindowsGamingInputDataFetcher,PasswordLeakDetection,SafeBrowsing --variations-seed-version --enable-logging=handle --log-file=5204 --mojo-platform-channel-handle=5212 /prefetch:1"
"16516","17748","firefox.exe","""C:\Program Files\Mozilla Firefox\firefox.exe"" -contentproc -isForBrowser -prefsHandle 7092:47253 -prefMapHandle 10560:302762 -jsInitHandle 8680:156136 -parentBuildID 20260318190823 -ipcHandle 10352 -initialChannelId {e9b8c9c3-69eb-4028-8d86-e52e43949230} -parentPid 17748 -crashReporter ""\\.\pipe\gecko-crash-server-pipe.17748"" -crashHelper 11060 -win32kLockedDown -appDir ""C:\Program Files\Mozilla Firefox\browser"" - 46 tab"
"23524","17748","firefox.exe","""C:\Program Files\Mozilla Firefox\firefox.exe"" -contentproc -isForBrowser -prefsHandle 11196:47253 -prefMapHandle 9468:302762 -jsInitHandle 7124:156136 -parentBuildID 20260318190823 -ipcHandle 10456 -initialChannelId {b1eabd0a-b2f7-4722-97a6-837faa0ee576} -parentPid 17748 -crashReporter ""\\.\pipe\gecko-crash-server-pipe.17748"" -crashHelper 7692 -win32kLockedDown -appDir ""C:\Program Files\Mozilla Firefox\browser"" - 47 tab"
"7400","17748","firefox.exe","""C:\Program Files\Mozilla Firefox\firefox.exe"" -contentproc -isForBrowser -prefsHandle 9464:47253 -prefMapHandle 7516:302762 -jsInitHandle 9624:156136 -parentBuildID 20260318190823 -ipcHandle 10508 -initialChannelId {9942c70d-f397-45d0-a1ac-db715ca3d6d3} -parentPid 17748 -crashReporter ""\\.\pipe\gecko-crash-server-pipe.17748"" -crashHelper 9652 -win32kLockedDown -appDir ""C:\Program Files\Mozilla Firefox\browser"" - 48 tab"
"6284","15484","UplayWebCore.exe","""C:\Program Files (x86)\Ubisoft\Ubisoft Game Launcher\UplayWebCore.exe"" --type=renderer --no-pre-read-main-dll --user-data-dir=""C:\Users\jeane\AppData\Local\Ubisoft Game Launcher\cache\http2"" --locales-dir-path=""C:\Program Files (x86)\Ubisoft\Ubisoft Game Launcher\locales\1"" --log-severity=disable --user-agent-product=ConnectPC --no-sandbox --disable-notifications --video-capture-use-gpu-memory-buffer --lang=en-US --device-scale-factor=1 --num-raster-threads=4 --enable-main-frame-before-activation --renderer-client-id=18 --time-ticks-at-unix-epoch=-1775027348818044 --launch-time-ticks=47382405512 --field-trial-handle=2244,i,1097508973524173879,17367415290850842665,262144 --enable-features=AutofillDisableFilling --disable-features=EnableWindowsGamingInputDataFetcher,PasswordLeakDetection,SafeBrowsing --variations-seed-version --enable-logging=handle --log-file=8108 --mojo-platform-channel-handle=8084 /prefetch:1"
"2536","1476","smartscreen.exe","C:\Windows\System32\smartscreen.exe -Embedding"
"24100","9144","Antigravity.exe","""C:\Users\jeane\AppData\Local\Programs\Antigravity\Antigravity.exe"" "
"9900","24100","Antigravity.exe","C:\Users\jeane\AppData\Local\Programs\Antigravity\Antigravity.exe --type=crashpad-handler --user-data-dir=C:\Users\jeane\AppData\Roaming\Antigravity /prefetch:4 --no-rate-limit --monitor-self-annotation=ptype=crashpad-handler --database=C:\Users\jeane\AppData\Roaming\Antigravity\Crashpad --annotation=_companyName=Google --annotation=_productName=Antigravity --annotation=_version=1.107.0 --annotation=plat=Win64 --annotation=prod=Electron --annotation=ver=39.2.3 --initial-client-data=0x4fc,0x500,0x504,0x4f8,0x508,0x7ff7461df6ac,0x7ff7461df6b8,0x7ff7461df6c8"
"23924","24100","Antigravity.exe","""C:\Users\jeane\AppData\Local\Programs\Antigravity\Antigravity.exe"" --type=gpu-process --user-data-dir=""C:\Users\jeane\AppData\Roaming\Antigravity"" --gpu-preferences=SAAAAAAAAADgAAAEAAAAAAAAAAAAAGAAAQAAAAAAAAAAAAAAAAAAAAIAAAAAAAAAAAAAAAAAAAAQAAAAAAAAABAAAAAAAAAACAAAAAAAAAAIAAAAAAAAAA== --field-trial-handle=1756,i,16656781300282361120,1782820682698305932,262144 --enable-features=DocumentPolicyIncludeJSCallStacksInCrashReports,EarlyEstablishGpuChannel,EnableTransparentHwndEnlargement,EstablishGpuChannelAsync,PdfUseShowSaveFilePicker --disable-features=CalculateNativeWinOcclusion,LocalNetworkAccessChecks,ScreenAIOCREnabled,SpareRendererForSitePerProcess,TraceSiteInstanceGetProcessCreation --variations-seed-version --trace-process-track-uuid=3190708988185955192 --mojo-platform-channel-handle=1728 /prefetch:2"
"25556","24100","Antigravity.exe","""C:\Users\jeane\AppData\Local\Programs\Antigravity\Antigravity.exe"" --type=utility --utility-sub-type=network.mojom.NetworkService --lang=en-US --service-sandbox-type=none --user-data-dir=""C:\Users\jeane\AppData\Roaming\Antigravity"" --standard-schemes=vscode-webview,vscode-file --enable-sandbox --secure-schemes=vscode-webview,vscode-file --cors-schemes=vscode-webview,vscode-file --fetch-schemes=vscode-webview,vscode-file --service-worker-schemes=vscode-webview --code-cache-schemes=vscode-webview,vscode-file --field-trial-handle=1756,i,16656781300282361120,1782820682698305932,262144 --enable-features=DocumentPolicyIncludeJSCallStacksInCrashReports,EarlyEstablishGpuChannel,EnableTransparentHwndEnlargement,EstablishGpuChannelAsync,PdfUseShowSaveFilePicker --disable-features=CalculateNativeWinOcclusion,LocalNetworkAccessChecks,ScreenAIOCREnabled,SpareRendererForSitePerProcess,TraceSiteInstanceGetProcessCreation --variations-seed-version --trace-process-track-uuid=3190708989122997041 --mojo-platform-channel-handle=2028 /prefetch:11"
"23584","24100","Antigravity.exe","""C:\Users\jeane\AppData\Local\Programs\Antigravity\Antigravity.exe"" --type=renderer --user-data-dir=""C:\Users\jeane\AppData\Roaming\Antigravity"" --standard-schemes=vscode-webview,vscode-file --enable-sandbox --secure-schemes=vscode-webview,vscode-file --cors-schemes=vscode-webview,vscode-file --fetch-schemes=vscode-webview,vscode-file --service-worker-schemes=vscode-webview --code-cache-schemes=vscode-webview,vscode-file --app-user-model-id=Google.Antigravity --app-path=""C:\Users\jeane\AppData\Local\Programs\Antigravity\resources\app"" --enable-sandbox --enable-blink-features=HighlightAPI --disable-blink-features=FontMatchingCTMigration,StandardizedBrowserZoom, --video-capture-use-gpu-memory-buffer --lang=en-US --device-scale-factor=1 --num-raster-threads=4 --enable-main-frame-before-activation --renderer-client-id=4 --time-ticks-at-unix-epoch=-1775027348818044 --launch-time-ticks=47389282905 --field-trial-handle=1756,i,16656781300282361120,1782820682698305932,262144 --enable-features=DocumentPolicyIncludeJSCallStacksInCrashReports,EarlyEstablishGpuChannel,EnableTransparentHwndEnlargement,EstablishGpuChannelAsync,PdfUseShowSaveFilePicker --disable-features=CalculateNativeWinOcclusion,LocalNetworkAccessChecks,ScreenAIOCREnabled,SpareRendererForSitePerProcess,TraceSiteInstanceGetProcessCreation --variations-seed-version --trace-process-track-uuid=3190708990060038890 --mojo-platform-channel-handle=3328 --vscode-window-config=vscode:ccfab88f-908f-4c6a-8b70-24d7cd4640a9 /prefetch:1"
"24796","24100","Antigravity.exe","""C:\Users\jeane\AppData\Local\Programs\Antigravity\Antigravity.exe"" --type=renderer --user-data-dir=""C:\Users\jeane\AppData\Roaming\Antigravity"" --standard-schemes=vscode-webview,vscode-file --enable-sandbox --secure-schemes=vscode-webview,vscode-file --cors-schemes=vscode-webview,vscode-file --fetch-schemes=vscode-webview,vscode-file --service-worker-schemes=vscode-webview --code-cache-schemes=vscode-webview,vscode-file --app-user-model-id=Google.Antigravity --app-path=""C:\Users\jeane\AppData\Local\Programs\Antigravity\resources\app"" --enable-sandbox --enable-blink-features=HighlightAPI --disable-blink-features=FontMatchingCTMigration,StandardizedBrowserZoom, --video-capture-use-gpu-memory-buffer --lang=en-US --device-scale-factor=1 --num-raster-threads=4 --enable-main-frame-before-activation --renderer-client-id=5 --time-ticks-at-unix-epoch=-1775027348818044 --launch-time-ticks=47389732656 --field-trial-handle=1756,i,16656781300282361120,1782820682698305932,262144 --enable-features=DocumentPolicyIncludeJSCallStacksInCrashReports,EarlyEstablishGpuChannel,EnableTransparentHwndEnlargement,EstablishGpuChannelAsync,PdfUseShowSaveFilePicker --disable-features=CalculateNativeWinOcclusion,LocalNetworkAccessChecks,ScreenAIOCREnabled,SpareRendererForSitePerProcess,TraceSiteInstanceGetProcessCreation --variations-seed-version --trace-process-track-uuid=3190708990997080739 --mojo-platform-channel-handle=3828 --vscode-window-config=vscode:4c8b5233-fa04-4874-ac78-9f4e74e08c7e /prefetch:1"
"1856","24100","Antigravity.exe","""C:\Users\jeane\AppData\Local\Programs\Antigravity\Antigravity.exe"" --type=utility --utility-sub-type=node.mojom.NodeService --lang=en-US --service-sandbox-type=none --video-capture-use-gpu-memory-buffer --user-data-dir=""C:\Users\jeane\AppData\Roaming\Antigravity"" --standard-schemes=vscode-webview,vscode-file --enable-sandbox --secure-schemes=vscode-webview,vscode-file --cors-schemes=vscode-webview,vscode-file --fetch-schemes=vscode-webview,vscode-file --service-worker-schemes=vscode-webview --code-cache-schemes=vscode-webview,vscode-file --field-trial-handle=1756,i,16656781300282361120,1782820682698305932,262144 --enable-features=DocumentPolicyIncludeJSCallStacksInCrashReports,EarlyEstablishGpuChannel,EnableTransparentHwndEnlargement,EstablishGpuChannelAsync,PdfUseShowSaveFilePicker --disable-features=CalculateNativeWinOcclusion,LocalNetworkAccessChecks,ScreenAIOCREnabled,SpareRendererForSitePerProcess,TraceSiteInstanceGetProcessCreation --variations-seed-version --trace-process-track-uuid=3190708991934122588 --mojo-platform-channel-handle=4272 /prefetch:14"
"19752","24100","Antigravity.exe","""C:\Users\jeane\AppData\Local\Programs\Antigravity\Antigravity.exe"" --type=utility --utility-sub-type=node.mojom.NodeService --lang=en-US --service-sandbox-type=none --dns-result-order=ipv4first --experimental-network-inspection --inspect-port=0 --video-capture-use-gpu-memory-buffer --user-data-dir=""C:\Users\jeane\AppData\Roaming\Antigravity"" --standard-schemes=vscode-webview,vscode-file --enable-sandbox --secure-schemes=vscode-webview,vscode-file --cors-schemes=vscode-webview,vscode-file --fetch-schemes=vscode-webview,vscode-file --service-worker-schemes=vscode-webview --code-cache-schemes=vscode-webview,vscode-file --field-trial-handle=1756,i,16656781300282361120,1782820682698305932,262144 --enable-features=DocumentPolicyIncludeJSCallStacksInCrashReports,EarlyEstablishGpuChannel,EnableTransparentHwndEnlargement,EstablishGpuChannelAsync,PdfUseShowSaveFilePicker --disable-features=CalculateNativeWinOcclusion,LocalNetworkAccessChecks,ScreenAIOCREnabled,SpareRendererForSitePerProcess,TraceSiteInstanceGetProcessCreation --variations-seed-version --trace-process-track-uuid=3190708992871164437 --mojo-platform-channel-handle=4940 /prefetch:14"
"15336","24100","Antigravity.exe","""C:\Users\jeane\AppData\Local\Programs\Antigravity\Antigravity.exe"" --type=utility --utility-sub-type=audio.mojom.AudioService --lang=en-US --service-sandbox-type=audio --video-capture-use-gpu-memory-buffer --user-data-dir=""C:\Users\jeane\AppData\Roaming\Antigravity"" --standard-schemes=vscode-webview,vscode-file --enable-sandbox --secure-schemes=vscode-webview,vscode-file --cors-schemes=vscode-webview,vscode-file --fetch-schemes=vscode-webview,vscode-file --service-worker-schemes=vscode-webview --code-cache-schemes=vscode-webview,vscode-file --field-trial-handle=1756,i,16656781300282361120,1782820682698305932,262144 --enable-features=DocumentPolicyIncludeJSCallStacksInCrashReports,EarlyEstablishGpuChannel,EnableTransparentHwndEnlargement,EstablishGpuChannelAsync,PdfUseShowSaveFilePicker --disable-features=CalculateNativeWinOcclusion,LocalNetworkAccessChecks,ScreenAIOCREnabled,SpareRendererForSitePerProcess,TraceSiteInstanceGetProcessCreation --variations-seed-version --trace-process-track-uuid=3190708993808206286 --mojo-platform-channel-handle=4972 /prefetch:12"
"20144","24100","Antigravity.exe","""C:\Users\jeane\AppData\Local\Programs\Antigravity\Antigravity.exe"" --type=utility --utility-sub-type=video_capture.mojom.VideoCaptureService --lang=en-US --service-sandbox-type=none --video-capture-use-gpu-memory-buffer --user-data-dir=""C:\Users\jeane\AppData\Roaming\Antigravity"" --standard-schemes=vscode-webview,vscode-file --enable-sandbox --secure-schemes=vscode-webview,vscode-file --cors-schemes=vscode-webview,vscode-file --fetch-schemes=vscode-webview,vscode-file --service-worker-schemes=vscode-webview --code-cache-schemes=vscode-webview,vscode-file --field-trial-handle=1756,i,16656781300282361120,1782820682698305932,262144 --enable-features=DocumentPolicyIncludeJSCallStacksInCrashReports,EarlyEstablishGpuChannel,EnableTransparentHwndEnlargement,EstablishGpuChannelAsync,PdfUseShowSaveFilePicker --disable-features=CalculateNativeWinOcclusion,LocalNetworkAccessChecks,ScreenAIOCREnabled,SpareRendererForSitePerProcess,TraceSiteInstanceGetProcessCreation --variations-seed-version --trace-process-track-uuid=3190708994745248135 --mojo-platform-channel-handle=4756 /prefetch:14"
"10664","24100","Antigravity.exe","""C:\Users\jeane\AppData\Local\Programs\Antigravity\Antigravity.exe"" --type=utility --utility-sub-type=node.mojom.NodeService --lang=en-US --service-sandbox-type=none --video-capture-use-gpu-memory-buffer --user-data-dir=""C:\Users\jeane\AppData\Roaming\Antigravity"" --standard-schemes=vscode-webview,vscode-file --enable-sandbox --secure-schemes=vscode-webview,vscode-file --cors-schemes=vscode-webview,vscode-file --fetch-schemes=vscode-webview,vscode-file --service-worker-schemes=vscode-webview --code-cache-schemes=vscode-webview,vscode-file --field-trial-handle=1756,i,16656781300282361120,1782820682698305932,262144 --enable-features=DocumentPolicyIncludeJSCallStacksInCrashReports,EarlyEstablishGpuChannel,EnableTransparentHwndEnlargement,EstablishGpuChannelAsync,PdfUseShowSaveFilePicker --disable-features=CalculateNativeWinOcclusion,LocalNetworkAccessChecks,ScreenAIOCREnabled,SpareRendererForSitePerProcess,TraceSiteInstanceGetProcessCreation --variations-seed-version --trace-process-track-uuid=3190708996619331833 --mojo-platform-channel-handle=5152 /prefetch:14"
"16184","24100","Antigravity.exe","""C:\Users\jeane\AppData\Local\Programs\Antigravity\Antigravity.exe"" --type=utility --utility-sub-type=node.mojom.NodeService --lang=en-US --service-sandbox-type=none --video-capture-use-gpu-memory-buffer --user-data-dir=""C:\Users\jeane\AppData\Roaming\Antigravity"" --standard-schemes=vscode-webview,vscode-file --enable-sandbox --secure-schemes=vscode-webview,vscode-file --cors-schemes=vscode-webview,vscode-file --fetch-schemes=vscode-webview,vscode-file --service-worker-schemes=vscode-webview --code-cache-schemes=vscode-webview,vscode-file --field-trial-handle=1756,i,16656781300282361120,1782820682698305932,262144 --enable-features=DocumentPolicyIncludeJSCallStacksInCrashReports,EarlyEstablishGpuChannel,EnableTransparentHwndEnlargement,EstablishGpuChannelAsync,PdfUseShowSaveFilePicker --disable-features=CalculateNativeWinOcclusion,LocalNetworkAccessChecks,ScreenAIOCREnabled,SpareRendererForSitePerProcess,TraceSiteInstanceGetProcessCreation --variations-seed-version --trace-process-track-uuid=3190708997556373682 --mojo-platform-channel-handle=4324 /prefetch:14"
"6868","1856","conhost.exe","\\?\C:\WINDOWS\system32\conhost.exe --headless --inheritcursor --width 94 --height 12 --signal 0x5ac --server 0x5a0"
"9244","1856","powershell.exe","C:\WINDOWS\System32\WindowsPowerShell\v1.0\powershell.exe -noexit -command ""try { . \""c:\Users\jeane\AppData\Local\Programs\Antigravity\resources\app\out\vs\workbench\contrib\terminal\common\scripts\shellIntegration.ps1\"" } catch {}"""
"3988","19752","Antigravity.exe","C:\Users\jeane\AppData\Local\Programs\Antigravity\Antigravity.exe --max-old-space-size=3072 c:\Users\jeane\AppData\Local\Programs\Antigravity\resources\app\extensions\node_modules\typescript\lib\tsserver.js --serverMode partialSemantic --useInferredProjectPerProjectRoot --disableAutomaticTypingAcquisition --cancellationPipeName C:\Users\jeane\AppData\Local\Temp\vscode-typescript\fb998ef0e168578f84a3\tscancellation-d8ba3b32527dd0292a41.tmp* --locale en --noGetErrOnBackgroundUpdate --canUseWatchEvents --validateDefaultNpmLocation --useNodeIpc"
"25112","19752","Antigravity.exe","C:\Users\jeane\AppData\Local\Programs\Antigravity\Antigravity.exe --max-old-space-size=3072 c:\Users\jeane\AppData\Local\Programs\Antigravity\resources\app\extensions\node_modules\typescript\lib\tsserver.js --useInferredProjectPerProjectRoot --enableTelemetry --cancellationPipeName C:\Users\jeane\AppData\Local\Temp\vscode-typescript\fb998ef0e168578f84a3\tscancellation-e538e523e1cc40552bb6.tmp* --locale en --noGetErrOnBackgroundUpdate --canUseWatchEvents --validateDefaultNpmLocation --useNodeIpc"
"18904","25112","Antigravity.exe","C:\Users\jeane\AppData\Local\Programs\Antigravity\Antigravity.exe c:/Users/jeane/AppData/Local/Programs/Antigravity/resources/app/extensions/node_modules/typescript/lib/typingsInstaller.js --globalTypingsCacheLocation C:/Users/jeane/AppData/Local/Microsoft/TypeScript/5.9 --enableTelemetry --typesMapLocation c:/Users/jeane/AppData/Local/Programs/Antigravity/resources/app/extensions/node_modules/typescript/lib/typesMap.json --validateDefaultNpmLocation"
"6128","1856","conhost.exe","\\?\C:\WINDOWS\system32\conhost.exe --headless --width 80 --height 30 --signal 0x618 --server 0x610"
"17772","1856","powershell.exe","C:\WINDOWS\System32\WindowsPowerShell\v1.0\powershell.exe -noexit -command ""try { . \""c:\Users\jeane\AppData\Local\Programs\Antigravity\resources\app\out\vs\workbench\contrib\terminal\common\scripts\shellIntegration.ps1\"" } catch {}"""
"15084","19752","language_server_windows_x64.exe","c:\Users\jeane\AppData\Local\Programs\Antigravity\resources\app\extensions\antigravity\bin\language_server_windows_x64.exe --enable_lsp --csrf_token 3d252efd-84e3-463a-8922-c88db1cc366f --extension_server_port 57271 --extension_server_csrf_token aeb7b72b-f319-408c-b9c1-aebf13efef0b --workspace_id file_d_3A_devperso_antigravity_bbfrance --cloud_code_endpoint https://daily-cloudcode-pa.googleapis.com --app_data_dir antigravity --parent_pipe_path \\.\pipe\server_08267a78c757fa8e"
"24468","15084","conhost.exe","\??\C:\WINDOWS\system32\conhost.exe 0x4"
"25492","15084","cmd.exe","C:\WINDOWS\system32\cmd.exe /c npx -y @googlemaps/code-assist-mcp@latest"
"16288","25492","node.exe","""C:\Program Files\nodejs\\node.exe""  ""C:\Users\jeane\AppData\Roaming\npm\node_modules\npm\bin\npx-cli.js"" -y @googlemaps/code-assist-mcp@latest"
"16976","19752","Antigravity.exe","C:\Users\jeane\AppData\Local\Programs\Antigravity\Antigravity.exe c:\Users\jeane\AppData\Local\Programs\Antigravity\resources\app\extensions\json-language-features\server\dist\node\jsonServerMain --node-ipc --clientProcessId=19752"
"19996","16288","cmd.exe","C:\WINDOWS\system32\cmd.exe /d /s /c code-assist-mcp"
"24520","19996","node.exe","""node""   ""C:\Users\jeane\AppData\Local\npm-cache\_npx\f6829324ff4cde8f\node_modules\.bin\\..\@googlemaps\code-assist-mcp\dist\index.js"" "
"25508","15084","cmd.exe","C:\WINDOWS\system32\cmd.exe /c npx -y prisma mcp"
"4664","25508","node.exe","""C:\Program Files\nodejs\\node.exe""  ""C:\Users\jeane\AppData\Roaming\npm\node_modules\npm\bin\npx-cli.js"" -y prisma mcp"
"23900","19752","Antigravity.exe","C:\Users\jeane\AppData\Local\Programs\Antigravity\Antigravity.exe c:\Users\jeane\AppData\Local\Programs\Antigravity\resources\app\extensions\css-language-features\server\dist\node\cssServerMain --node-ipc --clientProcessId=19752"
"1692","4664","cmd.exe","C:\WINDOWS\system32\cmd.exe /d /s /c prisma mcp"
"17776","1692","node.exe","""node""   ""C:\Users\jeane\AppData\Local\npm-cache\_npx\2778af9cee32ff87\node_modules\.bin\\..\prisma\build\index.js"" mcp"
"22588","1248","svchost.exe",
"7056","24100","AntigravitySetup-stable-cc6cd32816d350ee4a1ea2b4694b43f749418957.exe","C:\Users\jeane\AppData\Local\Temp\antigravity-stable-user-x64\AntigravitySetup-stable-cc6cd32816d350ee4a1ea2b4694b43f749418957.exe /verysilent /log /update=""C:\Users\jeane\AppData\Local\Temp\antigravity-stable-user-x64\AntigravitySetup-stable-cc6cd32816d350ee4a1ea2b4694b43f749418957.flag"" /sessionend=""C:\Users\jeane\AppData\Local\Temp\antigravity-stable-user-x64\session-ending.flag"" /nocloseapplications /mergetasks=runcode,!desktopicon,!quicklaunchicon"
"16328","7056","AntigravitySetup-stable-cc6cd32816d350ee4a1ea2b4694b43f749418957.tmp","""C:\Users\jeane\AppData\Local\Temp\is-M006P.tmp\AntigravitySetup-stable-cc6cd32816d350ee4a1ea2b4694b43f749418957.tmp"" /SL5=""$3B0876,242767812,806400,C:\Users\jeane\AppData\Local\Temp\antigravity-stable-user-x64\AntigravitySetup-stable-cc6cd32816d350ee4a1ea2b4694b43f749418957.exe"" /verysilent /log /update=""C:\Users\jeane\AppData\Local\Temp\antigravity-stable-user-x64\AntigravitySetup-stable-cc6cd32816d350ee4a1ea2b4694b43f749418957.flag"" /sessionend=""C:\Users\jeane\AppData\Local\Temp\antigravity-stable-user-x64\session-ending.flag"" /nocloseapplications /mergetasks=runcode,!desktopicon,!quicklaunchicon"
"25392","9244","node.exe","""C:\Program Files\nodejs\node.exe"" C:\Users\jeane\AppData\Roaming\npm/node_modules/npm/bin/npm-cli.js run dev"
"5864","25392","cmd.exe","C:\WINDOWS\system32\cmd.exe /d /s /c next dev"
"2568","5864","node.exe","""node""   ""D:\devperso\antigravity\bbfrance\node_modules\.bin\\..\next\dist\bin\next"" dev"
"24640","2568","node.exe","""C:\Program Files\nodejs\node.exe"" D:\devperso\antigravity\bbfrance\node_modules\next\dist\server\lib\start-server.js"
